{
  "state_order": [
    "send_bps",
    "recv_bps",
    "rtt_ms",
    "loss_rate",
    "jitter_ms"
  ],
  "obs_mean": [
    1.218503713607788,
    1.30840003490448,
    4.314422607421875,
    0.01053838711231947,
    3.1644275188446045
  ],
  "obs_std": [
    0.9370503425598145,
    0.9660155177116394,
    1.0446909666061401,
    0.005404269322752953,
    0.7369098663330078
  ],
  "bps_scale": 100000.0,
  "a_min": 87780.0,
  "a_max": 4666425.75
}